cust_id,credit_score,credit_utilisation,outstanding_debt,credit_inquiries_last_6_months,credit_limit,credit_score_range
1,749,0.489275,19571.0,0.0,40000.0,700-749
2,587,1.0,1250.0,2.0,1250.0,550-599
3,544,0.513,513.0,4.0,1000.0,500-549
4,504,0.224,224.0,2.0,1000.0,500-549
5,708,0.45225,18090.0,2.0,40000.0,700-749
6,442,0.492,246.0,4.0,500.0,300-449
7,747,0.3886,15544.0,4.0,40000.0,700-749
8,482,0.10133333333333333,76.0,2.0,750.0,450-499
9,537,0.341,341.0,0.0,1000.0,500-549
10,567,0.4176,522.0,0.0,1250.0,550-599
11,679,0.45935,9187.0,2.0,20000.0,650-699
12,429,0.526,263.0,0.0,500.0,300-449
13,476,0.424,318.0,3.0,750.0,450-499
14,623,0.6693333333333333,1004.0,3.0,1500.0,600-649
15,640,0.244,366.0,3.0,1500.0,600-649
16,347,0.38,190.0,0.0,500.0,300-449
17,702,0.4611,18444.0,0.0,40000.0,700-749
18,546,0.342,342.0,1.0,1000.0,500-549
19,447,0.584,292.0,1.0,500.0,300-449
20,647,1.0,1500.0,3.0,1500.0,600-649
21,381,0.614,307.0,0.0,500.0,300-449
22,785,0.6013833333333334,36083.0,3.0,60000.0,750-799
23,371,0.496,248.0,4.0,500.0,300-449
24,489,0.49866666666666665,374.0,0.0,750.0,450-499
25,673,0.0813,1626.0,4.0,20000.0,650-699
26,758,1.0,60000.0,2.0,60000.0,750-799
27,766,0.5224,31344.0,3.0,60000.0,750-799
28,729,0.086325,3453.0,2.0,40000.0,700-749
29,724,0.239825,9593.0,0.0,40000.0,700-749
30,798,0.12063333333333333,7238.0,2.0,60000.0,750-799
31,437,0.452,226.0,3.0,500.0,300-449
32,768,0.58515,35109.0,2.0,60000.0,750-799
33,516,0.253,253.0,0.0,1000.0,500-549
34,396,0.218,109.0,1.0,500.0,300-449
35,414,0.646,323.0,2.0,500.0,300-449
36,790,0.07101666666666667,4261.0,1.0,60000.0,750-799
37,417,0.448,224.0,1.0,500.0,300-449
38,514,0.238,238.0,2.0,1000.0,500-549
39,734,1.0,40000.0,3.0,40000.0,700-749
40,780,0.41,24600.0,4.0,60000.0,750-799
41,741,0.20515,8206.0,4.0,40000.0,700-749
42,530,0.137,137.0,2.0,1000.0,500-549
43,397,0.564,282.0,1.0,500.0,300-449
44,435,0.228,114.0,1.0,500.0,300-449
45,757,0.37506666666666666,22504.0,2.0,60000.0,750-799
46,761,0.4039,24234.0,2.0,60000.0,750-799
47,604,0.12933333333333333,194.0,2.0,1500.0,600-649
48,504,0.426,426.0,0.0,1000.0,500-549
49,733,0.5974,23896.0,2.0,40000.0,700-749
50,357,0.466,233.0,0.0,500.0,300-449
51,535,0.253,253.0,1.0,1000.0,500-549
52,549,0.423,423.0,3.0,1000.0,500-549
53,761,0.3423833333333333,20543.0,2.0,60000.0,750-799
54,613,0.48,720.0,2.0,1500.0,600-649
55,630,0.45866666666666667,688.0,2.0,1500.0,600-649
56,429,0.148,74.0,3.0,500.0,300-449
57,612,0.35733333333333334,536.0,3.0,1500.0,600-649
58,481,0.192,144.0,0.0,750.0,450-499
59,539,0.184,184.0,0.0,1000.0,500-549
60,438,0.292,146.0,1.0,500.0,300-449
61,793,0.12221666666666667,7333.0,0.0,60000.0,750-799
62,356,0.37,185.0,1.0,500.0,300-449
63,344,0.364,182.0,2.0,500.0,300-449
64,559,0.5504,688.0,4.0,1250.0,550-599
65,734,0.340775,13631.0,0.0,40000.0,700-749
66,334,0.572,286.0,4.0,500.0,300-449
67,429,0.138,69.0,4.0,500.0,300-449
68,388,0.118,59.0,2.0,500.0,300-449
69,611,0.4806666666666667,721.0,2.0,1500.0,600-649
70,518,0.435,435.0,0.0,1000.0,500-549
71,303,0.368,184.0,3.0,500.0,300-449
72,625,0.5633333333333334,845.0,1.0,1500.0,600-649
73,323,0.432,216.0,1.0,500.0,300-449
74,754,0.47025,28215.0,1.0,60000.0,750-799
75,592,0.5512,689.0,3.0,1250.0,550-599
76,390,0.35,175.0,3.0,500.0,300-449
77,750,0.109975,4399.0,3.0,40000.0,750-799
78,349,0.094,47.0,0.0,500.0,300-449
79,632,0.088,132.0,3.0,1500.0,600-649
80,790,0.22016666666666668,13210.0,4.0,60000.0,750-799
81,407,0.298,149.0,0.0,500.0,300-449
82,770,0.3731333333333333,22388.0,4.0,60000.0,750-799
83,558,0.5904,738.0,2.0,1250.0,550-599
84,733,0.416575,16663.0,1.0,40000.0,700-749
85,664,0.17795,3559.0,3.0,20000.0,650-699
86,512,0.155,155.0,1.0,1000.0,500-549
87,695,0.42595,8519.0,3.0,20000.0,650-699
88,789,0.06546666666666667,3928.0,4.0,60000.0,750-799
89,791,0.5406833333333333,32441.0,1.0,60000.0,750-799
90,418,0.202,101.0,4.0,500.0,300-449
91,465,0.6746666666666666,506.0,4.0,750.0,450-499
92,311,0.43,215.0,4.0,500.0,300-449
93,711,0.6197,24788.0,1.0,40000.0,700-749
94,737,1.0,40000.0,2.0,40000.0,700-749
95,406,0.33,165.0,0.0,500.0,300-449
96,542,0.562,562.0,0.0,1000.0,500-549
97,758,0.6325666666666667,37954.0,4.0,60000.0,750-799
98,492,0.22133333333333333,166.0,3.0,750.0,450-499
99,472,0.22266666666666668,167.0,4.0,750.0,450-499
100,783,0.20225,12135.0,0.0,60000.0,750-799
101,774,0.4822666666666667,28936.0,3.0,60000.0,750-799
102,535,0.147,147.0,0.0,1000.0,500-549
103,780,0.29585,17751.0,4.0,60000.0,750-799
104,792,0.36443333333333333,21866.0,0.0,60000.0,750-799
105,633,0.2846666666666667,427.0,3.0,1500.0,600-649
106,553,0.5424,678.0,1.0,1250.0,550-599
107,756,0.22386666666666666,13432.0,1.0,60000.0,750-799
108,500,0.448,448.0,2.0,1000.0,500-549
109,755,0.44185,26511.0,3.0,60000.0,750-799
110,724,0.41135,16454.0,0.0,40000.0,700-749
111,750,0.23375,9350.0,2.0,40000.0,750-799
112,444,0.248,124.0,0.0,500.0,300-449
113,765,0.18085,10851.0,2.0,60000.0,750-799
114,578,0.1504,188.0,3.0,1250.0,550-599
115,619,0.10066666666666667,151.0,1.0,1500.0,600-649
116,315,0.214,107.0,1.0,500.0,300-449
117,372,0.504,252.0,4.0,500.0,300-449
118,767,0.46923333333333334,28154.0,0.0,60000.0,750-799
119,556,0.0904,113.0,2.0,1250.0,550-599
120,741,0.31165,12466.0,3.0,40000.0,700-749
121,601,0.708,1062.0,4.0,1500.0,600-649
122,777,0.13903333333333334,8342.0,3.0,60000.0,750-799
123,775,0.11868333333333334,7121.0,3.0,60000.0,750-799
124,736,0.163375,6535.0,0.0,40000.0,700-749
125,585,0.5928,741.0,1.0,1250.0,550-599
126,320,0.384,192.0,4.0,500.0,300-449
127,522,0.204,204.0,4.0,1000.0,500-549
128,452,0.44666666666666666,335.0,0.0,750.0,450-499
129,302,0.442,221.0,4.0,500.0,300-449
130,493,0.584,438.0,0.0,750.0,450-499
131,323,0.274,137.0,3.0,500.0,300-449
132,340,0.256,128.0,3.0,500.0,300-449
133,470,0.076,57.0,0.0,750.0,450-499
134,328,0.18,90.0,3.0,500.0,300-449
135,594,0.076,95.0,2.0,1250.0,550-599
136,643,0.25,375.0,4.0,1500.0,600-649
137,589,0.4024,503.0,4.0,1250.0,550-599
138,778,0.16878333333333334,10127.0,4.0,60000.0,750-799
139,504,0.289,289.0,3.0,1000.0,500-549
140,766,0.3232,19392.0,1.0,60000.0,750-799
141,520,0.145,145.0,3.0,1000.0,500-549
142,323,0.326,163.0,2.0,500.0,300-449
143,311,0.356,178.0,4.0,500.0,300-449
144,618,0.522,783.0,3.0,1500.0,600-649
145,728,0.1354,5416.0,4.0,40000.0,700-749
146,593,0.3784,473.0,0.0,1250.0,550-599
147,655,0.42505,8501.0,1.0,20000.0,650-699
148,592,0.552,690.0,1.0,1250.0,550-599
149,760,0.16921666666666665,10153.0,0.0,60000.0,750-799
150,575,0.2224,278.0,0.0,1250.0,550-599
151,320,0.284,142.0,2.0,500.0,300-449
152,726,0.08795,3518.0,1.0,40000.0,700-749
153,681,0.10645,2129.0,3.0,20000.0,650-699
154,347,0.52,260.0,4.0,500.0,300-449
155,713,0.533125,21325.0,0.0,40000.0,700-749
156,448,0.756,378.0,4.0,500.0,300-449
157,771,0.24393333333333334,14636.0,0.0,60000.0,750-799
158,759,0.7622666666666666,45736.0,3.0,60000.0,750-799
159,551,0.14,175.0,0.0,1250.0,550-599
160,709,0.4561,18244.0,0.0,40000.0,700-749
161,771,0.45568333333333333,27341.0,1.0,60000.0,750-799
162,766,0.2508666666666667,15052.0,1.0,60000.0,750-799
163,504,0.653,653.0,2.0,1000.0,500-549
164,556,0.3632,454.0,0.0,1250.0,550-599
165,503,0.373,373.0,4.0,1000.0,500-549
166,555,0.5328,666.0,2.0,1250.0,550-599
167,778,0.22751666666666667,13651.0,1.0,60000.0,750-799
168,737,0.310525,12421.0,2.0,40000.0,700-749
169,798,0.44816666666666666,26890.0,3.0,60000.0,750-799
170,460,0.17733333333333334,133.0,3.0,750.0,450-499
171,767,0.25861666666666666,15517.0,0.0,60000.0,750-799
172,771,0.28565,17139.0,4.0,60000.0,750-799
173,770,0.08263333333333334,4958.0,3.0,60000.0,750-799
174,434,0.222,111.0,4.0,500.0,300-449
175,550,0.516,516.0,0.0,1000.0,550-599
176,754,0.3963,23778.0,1.0,60000.0,750-799
177,717,0.46985,18794.0,3.0,40000.0,700-749
178,743,0.07245,2898.0,3.0,40000.0,700-749
179,469,0.43466666666666665,326.0,4.0,750.0,450-499
180,786,0.4578,27468.0,1.0,60000.0,750-799
181,752,0.60155,36093.0,3.0,60000.0,750-799
182,725,0.230225,9209.0,0.0,40000.0,700-749
183,696,0.1675,3350.0,0.0,20000.0,650-699
184,479,0.4053333333333333,304.0,3.0,750.0,450-499
185,741,0.324525,12981.0,4.0,40000.0,700-749
186,502,0.71,710.0,2.0,1000.0,500-549
187,550,0.615,615.0,3.0,1000.0,550-599
188,483,0.4226666666666667,317.0,2.0,750.0,450-499
189,637,0.13733333333333334,206.0,4.0,1500.0,600-649
190,550,0.448,448.0,0.0,1000.0,550-599
191,794,0.27536666666666665,16522.0,0.0,60000.0,750-799
192,557,0.1744,218.0,0.0,1250.0,550-599
193,534,0.45,450.0,0.0,1000.0,500-549
194,332,0.164,82.0,4.0,500.0,300-449
195,577,0.1248,156.0,1.0,1250.0,550-599
196,548,0.432,432.0,3.0,1000.0,500-549
197,516,0.146,146.0,0.0,1000.0,500-549
198,430,0.084,42.0,4.0,500.0,300-449
199,301,0.074,37.0,2.0,500.0,300-449
200,419,0.304,152.0,4.0,500.0,300-449
201,451,0.212,159.0,4.0,750.0,450-499
202,561,0.3664,458.0,0.0,1250.0,550-599
203,732,0.152675,6107.0,1.0,40000.0,700-749
204,536,0.566,566.0,2.0,1000.0,500-549
205,303,1.0,500.0,0.0,500.0,300-449
206,703,0.34465,13786.0,2.0,40000.0,700-749
207,771,0.10991666666666666,6595.0,3.0,60000.0,750-799
208,698,0.25295,5059.0,4.0,20000.0,650-699
209,637,0.3466666666666667,520.0,3.0,1500.0,600-649
210,358,0.224,112.0,3.0,500.0,300-449
211,405,0.32,160.0,2.0,500.0,300-449
212,337,0.452,226.0,4.0,500.0,300-449
213,786,0.20905,12543.0,1.0,60000.0,750-799
214,698,0.30855,6171.0,1.0,20000.0,650-699
215,721,0.4077,16308.0,3.0,40000.0,700-749
216,499,0.21866666666666668,164.0,1.0,750.0,450-499
217,302,0.656,328.0,0.0,500.0,300-449
218,329,0.486,243.0,0.0,500.0,300-449
219,641,0.098,147.0,0.0,1500.0,600-649
220,531,0.467,467.0,4.0,1000.0,500-549
221,750,0.1679,6716.0,3.0,40000.0,750-799
222,434,0.406,203.0,0.0,500.0,300-449
223,793,0.1913,11478.0,2.0,60000.0,750-799
224,741,0.0946,3784.0,4.0,40000.0,700-749
225,629,0.2,300.0,0.0,1500.0,600-649
226,657,0.12905,2581.0,3.0,20000.0,650-699
227,352,0.474,237.0,3.0,500.0,300-449
228,359,0.124,62.0,1.0,500.0,300-449
229,771,0.08593333333333333,5156.0,2.0,60000.0,750-799
230,449,0.662,331.0,1.0,500.0,300-449
231,744,0.136575,5463.0,0.0,40000.0,700-749
232,390,0.47,235.0,4.0,500.0,300-449
233,771,0.2749,16494.0,2.0,60000.0,750-799
234,735,0.310925,12437.0,2.0,40000.0,700-749
235,767,0.42711666666666664,25627.0,2.0,60000.0,750-799
236,751,0.08976666666666666,5386.0,0.0,60000.0,750-799
237,611,0.5133333333333333,770.0,0.0,1500.0,600-649
238,771,0.6015,36090.0,0.0,60000.0,750-799
239,533,0.247,247.0,2.0,1000.0,500-549
240,338,0.34,170.0,0.0,500.0,300-449
241,366,0.624,312.0,2.0,500.0,300-449
242,581,0.4216,527.0,3.0,1250.0,550-599
243,658,0.42815,8563.0,3.0,20000.0,650-699
244,574,0.6176,772.0,0.0,1250.0,550-599
245,423,0.384,192.0,4.0,500.0,300-449
246,430,0.526,263.0,2.0,500.0,300-449
247,554,0.4768,596.0,2.0,1250.0,550-599
248,347,0.298,149.0,2.0,500.0,300-449
249,694,0.42885,8577.0,1.0,20000.0,650-699
250,538,0.083,83.0,1.0,1000.0,500-549
251,748,0.274425,10977.0,3.0,40000.0,700-749
252,761,0.5044,30264.0,2.0,60000.0,750-799
253,366,0.336,168.0,1.0,500.0,300-449
254,650,0.218,327.0,4.0,1500.0,650-699
255,448,0.6,300.0,0.0,500.0,300-449
256,552,0.0936,117.0,2.0,1250.0,550-599
257,781,0.26816666666666666,16090.0,2.0,60000.0,750-799
258,728,0.21885,8754.0,4.0,40000.0,700-749
259,427,0.272,136.0,4.0,500.0,300-449
260,788,0.33481666666666665,20089.0,4.0,60000.0,750-799
261,732,0.278525,11141.0,1.0,40000.0,700-749
262,363,0.476,238.0,0.0,500.0,300-449
263,775,0.43261666666666665,25957.0,0.0,60000.0,750-799
264,739,0.165875,6635.0,2.0,40000.0,700-749
265,444,0.418,209.0,0.0,500.0,300-449
266,683,0.1913,3826.0,1.0,20000.0,650-699
267,480,0.288,216.0,0.0,750.0,450-499
268,377,0.538,269.0,1.0,500.0,300-449
269,489,0.4186666666666667,314.0,2.0,750.0,450-499
270,496,0.484,363.0,0.0,750.0,450-499
271,675,0.06995,1399.0,0.0,20000.0,650-699
272,703,1.0,40000.0,1.0,40000.0,700-749
273,769,0.5096333333333334,30578.0,2.0,60000.0,750-799
274,692,0.26415,5283.0,2.0,20000.0,650-699
275,798,0.32275,19365.0,4.0,60000.0,750-799
276,764,0.3970166666666667,23821.0,0.0,60000.0,750-799
277,781,0.4103,24618.0,1.0,60000.0,750-799
278,737,0.110275,4411.0,4.0,40000.0,700-749
279,741,0.27115,10846.0,1.0,40000.0,700-749
280,779,0.4765333333333333,28592.0,2.0,60000.0,750-799
281,332,0.53,265.0,3.0,500.0,300-449
282,654,0.4918,9836.0,0.0,20000.0,650-699
283,638,0.36,540.0,1.0,1500.0,600-649
284,465,0.4653333333333333,349.0,4.0,750.0,450-499
285,792,0.6266166666666667,37597.0,1.0,60000.0,750-799
286,415,0.652,326.0,4.0,500.0,300-449
287,323,0.176,88.0,4.0,500.0,300-449
288,490,0.5133333333333333,385.0,2.0,750.0,450-499
289,507,0.161,161.0,2.0,1000.0,500-549
290,530,0.611,611.0,2.0,1000.0,500-549
291,640,0.44733333333333336,671.0,2.0,1500.0,600-649
292,390,0.45,225.0,1.0,500.0,300-449
293,731,0.389875,15595.0,2.0,40000.0,700-749
294,742,0.417,16680.0,3.0,40000.0,700-749
295,386,0.524,262.0,0.0,500.0,300-449
296,520,0.117,117.0,3.0,1000.0,500-549
297,309,0.452,226.0,4.0,500.0,300-449
298,529,0.35,350.0,2.0,1000.0,500-549
299,734,0.4656,18624.0,0.0,40000.0,700-749
300,769,0.12248333333333333,7349.0,4.0,60000.0,750-799
301,489,0.476,357.0,3.0,750.0,450-499
302,722,1.0,40000.0,4.0,40000.0,700-749
303,415,0.214,107.0,0.0,500.0,300-449
304,356,0.252,126.0,3.0,500.0,300-449
305,743,0.512125,20485.0,0.0,40000.0,700-749
306,774,0.3382833333333333,20297.0,2.0,60000.0,750-799
307,304,0.148,74.0,4.0,500.0,300-449
308,468,0.404,303.0,3.0,750.0,450-499
309,641,0.15266666666666667,229.0,2.0,1500.0,600-649
310,787,0.42455,25473.0,0.0,60000.0,750-799
311,373,0.176,88.0,2.0,500.0,300-449
312,741,0.184175,7367.0,1.0,40000.0,700-749
313,613,0.17133333333333334,257.0,0.0,1500.0,600-649
314,778,0.20023333333333335,12014.0,3.0,60000.0,750-799
315,568,0.204,255.0,1.0,1250.0,550-599
316,377,0.18,90.0,3.0,500.0,300-449
317,458,0.5173333333333333,388.0,0.0,750.0,450-499
318,785,0.4487,26922.0,4.0,60000.0,750-799
319,629,0.43066666666666664,646.0,0.0,1500.0,600-649
320,750,0.1351,5404.0,0.0,40000.0,750-799
321,799,0.2569,15414.0,0.0,60000.0,750-799
322,440,0.596,298.0,2.0,500.0,300-449
323,469,0.2906666666666667,218.0,3.0,750.0,450-499
324,314,0.106,53.0,1.0,500.0,300-449
325,449,0.104,52.0,1.0,500.0,300-449
326,599,0.4008,501.0,0.0,1250.0,550-599
327,658,0.40435,8087.0,0.0,20000.0,650-699
328,742,0.184,7360.0,2.0,40000.0,700-749
329,439,0.758,379.0,2.0,500.0,300-449
330,735,0.366975,14679.0,2.0,40000.0,700-749
331,799,1.0,60000.0,4.0,60000.0,750-799
332,786,0.23958333333333334,14375.0,1.0,60000.0,750-799
333,354,0.716,358.0,1.0,500.0,300-449
334,603,0.5026666666666667,754.0,1.0,1500.0,600-649
335,582,0.504,630.0,0.0,1250.0,550-599
336,758,0.41815,25089.0,3.0,60000.0,750-799
337,448,0.394,197.0,4.0,500.0,300-449
338,529,0.408,408.0,0.0,1000.0,500-549
339,796,0.28073333333333333,16844.0,4.0,60000.0,750-799
340,352,0.672,336.0,4.0,500.0,300-449
341,332,0.444,222.0,0.0,500.0,300-449
342,625,0.4073333333333333,611.0,4.0,1500.0,600-649
343,733,0.5237,20948.0,2.0,40000.0,700-749
344,525,0.624,624.0,1.0,1000.0,500-549
345,661,0.32735,6547.0,2.0,20000.0,650-699
346,650,0.22133333333333333,332.0,3.0,1500.0,650-699
347,380,0.514,257.0,1.0,500.0,300-449
348,710,0.339225,13569.0,4.0,40000.0,700-749
349,341,0.478,239.0,2.0,500.0,300-449
350,611,0.308,462.0,4.0,1500.0,600-649
351,320,1.0,500.0,0.0,500.0,300-449
352,736,0.2479,9916.0,2.0,40000.0,700-749
353,380,0.444,222.0,3.0,500.0,300-449
354,410,0.236,118.0,1.0,500.0,300-449
355,674,0.16965,3393.0,2.0,20000.0,650-699
356,626,0.146,219.0,1.0,1500.0,600-649
357,531,0.517,517.0,0.0,1000.0,500-549
358,679,0.0705,1410.0,0.0,20000.0,650-699
359,515,0.215,215.0,1.0,1000.0,500-549
360,721,0.191925,7677.0,0.0,40000.0,700-749
361,621,0.474,711.0,3.0,1500.0,600-649
362,604,0.056,84.0,3.0,1500.0,600-649
363,348,0.178,89.0,3.0,500.0,300-449
364,719,0.52525,21010.0,3.0,40000.0,700-749
365,682,0.31115,6223.0,1.0,20000.0,650-699
366,614,0.33,495.0,2.0,1500.0,600-649
367,635,0.6006666666666667,901.0,1.0,1500.0,600-649
368,422,0.376,188.0,3.0,500.0,300-449
369,474,0.396,297.0,4.0,750.0,450-499
370,730,0.364225,14569.0,4.0,40000.0,700-749
371,603,0.44666666666666666,670.0,2.0,1500.0,600-649
372,671,0.3717,7434.0,2.0,20000.0,650-699
373,739,0.531975,21279.0,0.0,40000.0,700-749
374,798,0.25166666666666665,15100.0,1.0,60000.0,750-799
375,500,0.34933333333333333,262.0,2.0,750.0,500-549
376,605,0.29133333333333333,437.0,1.0,1500.0,600-649
377,781,0.45498333333333335,27299.0,1.0,60000.0,750-799
378,789,0.16423333333333334,9854.0,2.0,60000.0,750-799
379,562,0.3856,482.0,1.0,1250.0,550-599
380,767,0.5161833333333333,30971.0,3.0,60000.0,750-799
381,626,0.15666666666666668,235.0,0.0,1500.0,600-649
382,636,0.35933333333333334,539.0,4.0,1500.0,600-649
383,799,0.39923333333333333,23954.0,1.0,60000.0,750-799
384,514,0.468,468.0,4.0,1000.0,500-549
385,666,0.6735,13470.0,4.0,20000.0,650-699
386,405,0.364,182.0,1.0,500.0,300-449
387,556,0.4456,557.0,2.0,1250.0,550-599
388,760,0.3795,22770.0,3.0,60000.0,750-799
389,421,0.358,179.0,3.0,500.0,300-449
390,754,0.4045666666666667,24274.0,3.0,60000.0,750-799
391,776,0.3723166666666667,22339.0,1.0,60000.0,750-799
392,475,0.344,258.0,3.0,750.0,450-499
393,515,0.116,116.0,2.0,1000.0,500-549
394,642,0.122,183.0,0.0,1500.0,600-649
395,403,0.204,102.0,0.0,500.0,300-449
396,741,0.376675,15067.0,2.0,40000.0,700-749
397,742,0.431125,17245.0,1.0,40000.0,700-749
398,751,0.16988333333333333,10193.0,0.0,60000.0,750-799
399,326,0.432,216.0,0.0,500.0,300-449
400,754,0.53385,32031.0,2.0,60000.0,750-799
401,420,0.278,139.0,0.0,500.0,300-449
402,788,0.28378333333333333,17027.0,3.0,60000.0,750-799
403,756,0.4960833333333333,29765.0,1.0,60000.0,750-799
404,536,0.151,151.0,2.0,1000.0,500-549
405,340,0.332,166.0,1.0,500.0,300-449
406,586,0.3144,393.0,4.0,1250.0,550-599
407,528,0.213,213.0,2.0,1000.0,500-549
408,737,0.180575,7223.0,4.0,40000.0,700-749
409,439,0.148,74.0,4.0,500.0,300-449
410,736,0.53345,21338.0,4.0,40000.0,700-749
411,559,0.504,630.0,3.0,1250.0,550-599
412,559,0.4688,586.0,3.0,1250.0,550-599
413,637,0.29333333333333333,440.0,1.0,1500.0,600-649
414,694,0.2414,4828.0,2.0,20000.0,650-699
415,646,0.35533333333333333,533.0,3.0,1500.0,600-649
416,477,0.5106666666666667,383.0,0.0,750.0,450-499
417,493,0.412,309.0,1.0,750.0,450-499
418,705,0.36945,14778.0,1.0,40000.0,700-749
419,788,0.11096666666666667,6658.0,1.0,60000.0,750-799
420,392,0.38,190.0,2.0,500.0,300-449
421,730,0.0703,2812.0,3.0,40000.0,700-749
422,450,0.53,265.0,1.0,500.0,450-499
423,423,0.424,212.0,0.0,500.0,300-449
424,601,0.22866666666666666,343.0,2.0,1500.0,600-649
425,712,0.452625,18105.0,0.0,40000.0,700-749
426,366,0.55,275.0,3.0,500.0,300-449
427,630,0.4533333333333333,680.0,0.0,1500.0,600-649
428,405,0.19,95.0,4.0,500.0,300-449
429,742,0.195775,7831.0,1.0,40000.0,700-749
430,792,0.08008333333333334,4805.0,3.0,60000.0,750-799
431,610,0.4186666666666667,628.0,4.0,1500.0,600-649
432,464,0.532,399.0,0.0,750.0,450-499
433,426,0.492,246.0,4.0,500.0,300-449
434,661,0.37195,7439.0,1.0,20000.0,650-699
435,732,0.380125,15205.0,3.0,40000.0,700-749
436,487,0.09733333333333333,73.0,2.0,750.0,450-499
437,528,0.659,659.0,3.0,1000.0,500-549
438,508,0.536,536.0,1.0,1000.0,500-549
439,356,0.102,51.0,2.0,500.0,300-449
440,410,0.162,81.0,0.0,500.0,300-449
441,510,0.163,163.0,4.0,1000.0,500-549
442,764,0.3043166666666667,18259.0,4.0,60000.0,750-799
443,614,0.4666666666666667,700.0,1.0,1500.0,600-649
444,725,0.213375,8535.0,0.0,40000.0,700-749
445,641,0.6553333333333333,983.0,4.0,1500.0,600-649
446,639,0.12533333333333332,188.0,1.0,1500.0,600-649
447,754,1.0,60000.0,2.0,60000.0,750-799
448,651,0.53435,10687.0,3.0,20000.0,650-699
449,623,0.372,558.0,0.0,1500.0,600-649
450,418,0.138,69.0,2.0,500.0,300-449
451,779,0.2857166666666667,17143.0,4.0,60000.0,750-799
452,527,0.124,124.0,0.0,1000.0,500-549
453,706,0.252325,10093.0,0.0,40000.0,700-749
454,438,0.394,197.0,3.0,500.0,300-449
455,787,0.6133,36798.0,1.0,60000.0,750-799
456,441,0.408,204.0,1.0,500.0,300-449
457,524,0.322,322.0,4.0,1000.0,500-549
458,372,0.254,127.0,4.0,500.0,300-449
459,798,0.14491666666666667,8695.0,3.0,60000.0,750-799
460,569,0.2976,372.0,1.0,1250.0,550-599
461,786,0.2707833333333333,16247.0,3.0,60000.0,750-799
462,460,0.264,198.0,0.0,750.0,450-499
463,503,0.169,169.0,2.0,1000.0,500-549
464,591,0.2096,262.0,4.0,1250.0,550-599
465,796,0.11543333333333333,6926.0,0.0,60000.0,750-799
466,711,0.416075,16643.0,1.0,40000.0,700-749
467,420,0.096,48.0,3.0,500.0,300-449
468,354,0.462,231.0,2.0,500.0,300-449
469,751,0.11688333333333334,7013.0,0.0,60000.0,750-799
470,795,0.5587166666666666,33523.0,4.0,60000.0,750-799
471,765,0.25755,15453.0,0.0,60000.0,750-799
472,778,0.20836666666666667,12502.0,1.0,60000.0,750-799
473,437,0.358,179.0,2.0,500.0,300-449
474,780,0.3106333333333333,18638.0,1.0,60000.0,750-799
475,602,0.5853333333333334,878.0,2.0,1500.0,600-649
476,625,0.43733333333333335,656.0,2.0,1500.0,600-649
477,793,0.22751666666666667,13651.0,3.0,60000.0,750-799
478,757,0.10476666666666666,6286.0,2.0,60000.0,750-799
479,780,0.21523333333333333,12914.0,1.0,60000.0,750-799
480,791,0.66,39600.0,4.0,60000.0,750-799
481,444,0.588,294.0,3.0,500.0,300-449
482,394,0.532,266.0,1.0,500.0,300-449
483,591,0.6096,762.0,0.0,1250.0,550-599
484,708,0.189975,7599.0,0.0,40000.0,700-749
485,638,0.404,606.0,0.0,1500.0,600-649
486,753,0.5180833333333333,31085.0,0.0,60000.0,750-799
487,464,0.20666666666666667,155.0,0.0,750.0,450-499
488,401,0.634,317.0,2.0,500.0,300-449
489,743,0.1665,6660.0,4.0,40000.0,700-749
490,766,0.15131666666666665,9079.0,1.0,60000.0,750-799
491,302,0.328,164.0,4.0,500.0,300-449
492,763,0.21421666666666667,12853.0,1.0,60000.0,750-799
493,360,0.374,187.0,0.0,500.0,300-449
494,737,0.189975,7599.0,4.0,40000.0,700-749
495,343,0.412,206.0,1.0,500.0,300-449
496,438,0.6,300.0,3.0,500.0,300-449
497,601,0.158,237.0,3.0,1500.0,600-649
498,344,0.44,220.0,3.0,500.0,300-449
499,430,0.384,192.0,3.0,500.0,300-449
500,330,0.28,140.0,1.0,500.0,300-449
501,361,0.364,182.0,2.0,500.0,300-449
502,748,0.545775,21831.0,2.0,40000.0,700-749
503,652,0.4769,9538.0,3.0,20000.0,650-699
504,343,0.19,95.0,3.0,500.0,300-449
505,757,0.23973333333333333,14384.0,3.0,60000.0,750-799
506,722,0.631075,25243.0,3.0,40000.0,700-749
507,456,0.28933333333333333,217.0,4.0,750.0,450-499
508,600,0.3856,482.0,0.0,1250.0,600-649
509,777,0.6413333333333333,38480.0,1.0,60000.0,750-799
510,771,0.36261666666666664,21757.0,3.0,60000.0,750-799
511,596,0.348,435.0,1.0,1250.0,550-599
512,579,0.4768,596.0,2.0,1250.0,550-599
513,677,0.1097,2194.0,4.0,20000.0,650-699
514,722,0.442975,17719.0,0.0,40000.0,700-749
515,764,0.23518333333333333,14111.0,2.0,60000.0,750-799
516,555,0.244,305.0,2.0,1250.0,550-599
517,308,0.066,33.0,3.0,500.0,300-449
518,600,0.3952,494.0,2.0,1250.0,600-649
519,796,0.3208666666666667,19252.0,0.0,60000.0,750-799
520,439,0.416,208.0,3.0,500.0,300-449
521,451,0.30666666666666664,230.0,1.0,750.0,450-499
522,423,0.566,283.0,0.0,500.0,300-449
523,649,0.4106666666666667,616.0,0.0,1500.0,600-649
524,732,0.31685,12674.0,3.0,40000.0,700-749
525,550,0.434,434.0,2.0,1000.0,550-599
526,713,0.131475,5259.0,2.0,40000.0,700-749
527,469,0.2946666666666667,221.0,4.0,750.0,450-499
528,357,0.11,55.0,1.0,500.0,300-449
529,398,0.598,299.0,3.0,500.0,300-449
530,733,0.197825,7913.0,4.0,40000.0,700-749
531,765,0.38133333333333336,22880.0,2.0,60000.0,750-799
532,323,0.198,99.0,4.0,500.0,300-449
533,519,0.195,195.0,3.0,1000.0,500-549
534,393,0.172,86.0,2.0,500.0,300-449
535,479,0.5173333333333333,388.0,0.0,750.0,450-499
536,398,0.394,197.0,1.0,500.0,300-449
537,765,0.14151666666666668,8491.0,4.0,60000.0,750-799
538,426,0.278,139.0,0.0,500.0,300-449
539,775,0.4413666666666667,26482.0,4.0,60000.0,750-799
540,736,0.14585,5834.0,3.0,40000.0,700-749
541,498,0.49466666666666664,371.0,1.0,750.0,450-499
542,608,0.4553333333333333,683.0,0.0,1500.0,600-649
543,735,0.514525,20581.0,3.0,40000.0,700-749
544,502,0.543,543.0,1.0,1000.0,500-549
545,764,1.0,60000.0,2.0,60000.0,750-799
546,309,0.29,145.0,1.0,500.0,300-449
547,397,0.488,244.0,2.0,500.0,300-449
548,721,0.261675,10467.0,3.0,40000.0,700-749
549,744,0.516775,20671.0,2.0,40000.0,700-749
550,720,0.4608,18432.0,0.0,40000.0,700-749
551,749,0.497275,19891.0,1.0,40000.0,700-749
552,584,0.4296,537.0,1.0,1250.0,550-599
553,622,0.558,837.0,4.0,1500.0,600-649
554,778,0.19898333333333335,11939.0,2.0,60000.0,750-799
555,673,0.3185,6370.0,3.0,20000.0,650-699
556,434,0.502,251.0,1.0,500.0,300-449
557,477,0.31866666666666665,239.0,4.0,750.0,450-499
558,439,0.438,219.0,0.0,500.0,300-449
559,607,0.558,837.0,4.0,1500.0,600-649
560,382,0.342,171.0,0.0,500.0,300-449
561,707,0.253525,10141.0,2.0,40000.0,700-749
562,507,0.409,409.0,4.0,1000.0,500-549
563,460,0.428,321.0,2.0,750.0,450-499
564,631,0.286,429.0,2.0,1500.0,600-649
565,436,0.08,40.0,2.0,500.0,300-449
566,736,0.198425,7937.0,4.0,40000.0,700-749
567,410,0.572,286.0,3.0,500.0,300-449
568,339,0.226,113.0,2.0,500.0,300-449
569,344,0.074,37.0,0.0,500.0,300-449
570,334,0.204,102.0,3.0,500.0,300-449
571,787,0.5616666666666666,33700.0,4.0,60000.0,750-799
572,462,0.5013333333333333,376.0,1.0,750.0,450-499
573,342,0.264,132.0,2.0,500.0,300-449
574,324,0.538,269.0,1.0,500.0,300-449
575,540,0.159,159.0,3.0,1000.0,500-549
576,500,0.4093333333333333,307.0,4.0,750.0,500-549
577,489,0.316,237.0,1.0,750.0,450-499
578,710,0.489325,19573.0,3.0,40000.0,700-749
579,400,0.56,280.0,1.0,500.0,300-449
580,390,0.126,63.0,0.0,500.0,300-449
581,482,0.2693333333333333,202.0,4.0,750.0,450-499
582,793,0.4857,29142.0,2.0,60000.0,750-799
583,727,0.348825,13953.0,0.0,40000.0,700-749
584,337,0.426,213.0,0.0,500.0,300-449
585,420,0.516,258.0,2.0,500.0,300-449
586,748,0.495775,19831.0,1.0,40000.0,700-749
587,400,0.164,82.0,4.0,500.0,300-449
588,351,0.28,140.0,0.0,500.0,300-449
589,765,0.3694,22164.0,0.0,60000.0,750-799
590,543,0.637,637.0,3.0,1000.0,500-549
591,535,0.231,231.0,1.0,1000.0,500-549
592,760,0.5062833333333333,30377.0,0.0,60000.0,750-799
593,792,0.0873,5238.0,4.0,60000.0,750-799
594,643,0.224,336.0,0.0,1500.0,600-649
595,575,0.728,910.0,4.0,1250.0,550-599
596,448,0.564,282.0,4.0,500.0,300-449
597,799,0.19666666666666666,11800.0,0.0,60000.0,750-799
598,766,0.5178166666666667,31069.0,4.0,60000.0,750-799
599,756,0.08883333333333333,5330.0,2.0,60000.0,750-799
600,738,0.148025,5921.0,4.0,40000.0,700-749
601,768,0.5666166666666667,33997.0,0.0,60000.0,750-799
602,784,0.35605,21363.0,1.0,60000.0,750-799
603,563,0.3536,442.0,0.0,1250.0,550-599
604,343,0.266,133.0,1.0,500.0,300-449
605,479,0.256,192.0,3.0,750.0,450-499
606,734,0.1098,4392.0,1.0,40000.0,700-749
607,489,0.092,69.0,2.0,750.0,450-499
608,724,0.417475,16699.0,3.0,40000.0,700-749
609,478,0.5373333333333333,403.0,4.0,750.0,450-499
610,799,0.6303666666666666,37822.0,0.0,60000.0,750-799
611,762,0.14355,8613.0,2.0,60000.0,750-799
612,558,0.1816,227.0,0.0,1250.0,550-599
613,470,0.23466666666666666,176.0,0.0,750.0,450-499
614,560,0.3456,432.0,0.0,1250.0,550-599
615,776,0.24895,14937.0,0.0,60000.0,750-799
616,518,0.603,603.0,3.0,1000.0,500-549
617,550,0.359,359.0,0.0,1000.0,550-599
618,506,0.302,302.0,4.0,1000.0,500-549
619,515,0.315,315.0,2.0,1000.0,500-549
620,506,0.184,184.0,3.0,1000.0,500-549
621,611,0.39866666666666667,598.0,3.0,1500.0,600-649
622,611,0.23,345.0,4.0,1500.0,600-649
623,720,0.4261,17044.0,3.0,40000.0,700-749
624,321,0.256,128.0,2.0,500.0,300-449
625,619,0.23533333333333334,353.0,1.0,1500.0,600-649
626,646,0.2986666666666667,448.0,1.0,1500.0,600-649
627,627,0.3293333333333333,494.0,2.0,1500.0,600-649
628,702,0.16695,6678.0,1.0,40000.0,700-749
629,533,0.087,87.0,2.0,1000.0,500-549
630,619,0.47733333333333333,716.0,1.0,1500.0,600-649
631,450,0.576,288.0,0.0,500.0,450-499
632,584,0.3,375.0,3.0,1250.0,550-599
633,735,0.4044,16176.0,1.0,40000.0,700-749
634,522,0.32,320.0,2.0,1000.0,500-549
635,634,0.102,153.0,2.0,1500.0,600-649
636,726,0.228625,9145.0,0.0,40000.0,700-749
637,420,1.0,500.0,4.0,500.0,300-449
638,791,0.5343,32058.0,2.0,60000.0,750-799
639,630,0.6326666666666667,949.0,0.0,1500.0,600-649
640,664,0.1502,3004.0,0.0,20000.0,650-699
641,459,0.25333333333333335,190.0,4.0,750.0,450-499
642,769,0.44448333333333334,26669.0,3.0,60000.0,750-799
643,721,0.330325,13213.0,4.0,40000.0,700-749
644,325,0.172,86.0,1.0,500.0,300-449
645,734,0.4892,19568.0,3.0,40000.0,700-749
646,310,0.466,233.0,1.0,500.0,300-449
647,498,1.0,750.0,3.0,750.0,450-499
648,405,0.126,63.0,0.0,500.0,300-449
649,306,0.262,131.0,0.0,500.0,300-449
650,718,0.17885,7154.0,4.0,40000.0,700-749
651,504,0.2,200.0,3.0,1000.0,500-549
652,411,0.22,110.0,0.0,500.0,300-449
653,753,0.1698,10188.0,3.0,60000.0,750-799
654,610,0.076,114.0,1.0,1500.0,600-649
655,469,0.6066666666666667,455.0,1.0,750.0,450-499
656,785,0.24776666666666666,14866.0,1.0,60000.0,750-799
657,605,0.22733333333333333,341.0,3.0,1500.0,600-649
658,419,0.38,190.0,4.0,500.0,300-449
659,448,0.19,95.0,3.0,500.0,300-449
660,685,0.2414,4828.0,3.0,20000.0,650-699
661,536,0.47,470.0,0.0,1000.0,500-549
662,442,0.532,266.0,2.0,500.0,300-449
663,478,0.112,84.0,0.0,750.0,450-499
664,553,0.2392,299.0,1.0,1250.0,550-599
665,388,0.086,43.0,3.0,500.0,300-449
666,552,0.4504,563.0,3.0,1250.0,550-599
667,609,0.18866666666666668,283.0,2.0,1500.0,600-649
668,764,0.33958333333333335,20375.0,2.0,60000.0,750-799
669,788,0.19561666666666666,11737.0,4.0,60000.0,750-799
670,781,0.19415,11649.0,3.0,60000.0,750-799
671,534,0.424,424.0,2.0,1000.0,500-549
672,764,0.4941333333333333,29648.0,1.0,60000.0,750-799
673,535,0.56,560.0,4.0,1000.0,500-549
674,774,0.7568166666666667,45409.0,3.0,60000.0,750-799
675,610,0.4766666666666667,715.0,4.0,1500.0,600-649
676,319,0.204,102.0,0.0,500.0,300-449
677,300,0.682,341.0,1.0,500.0,300-449
678,422,0.528,264.0,3.0,500.0,300-449
679,352,0.102,51.0,0.0,500.0,300-449
680,390,0.304,152.0,0.0,500.0,300-449
681,377,0.278,139.0,2.0,500.0,300-449
682,713,0.5097,20388.0,3.0,40000.0,700-749
683,566,0.252,315.0,3.0,1250.0,550-599
684,713,0.26345,10538.0,2.0,40000.0,700-749
685,796,0.4093,24558.0,0.0,60000.0,750-799
686,571,0.5584,698.0,0.0,1250.0,550-599
687,736,0.44705,17882.0,3.0,40000.0,700-749
688,490,0.15466666666666667,116.0,1.0,750.0,450-499
689,373,0.104,52.0,4.0,500.0,300-449
690,325,0.426,213.0,2.0,500.0,300-449
691,788,0.2593666666666667,15562.0,2.0,60000.0,750-799
692,769,0.19296666666666668,11578.0,2.0,60000.0,750-799
693,583,0.2192,274.0,0.0,1250.0,550-599
694,378,0.086,43.0,3.0,500.0,300-449
695,669,0.25355,5071.0,3.0,20000.0,650-699
696,331,0.408,204.0,4.0,500.0,300-449
697,541,0.237,237.0,2.0,1000.0,500-549
698,618,0.4013333333333333,602.0,1.0,1500.0,600-649
699,775,1.0,60000.0,2.0,60000.0,750-799
700,755,0.45908333333333334,27545.0,0.0,60000.0,750-799
701,613,0.11733333333333333,176.0,3.0,1500.0,600-649
702,769,0.6218,37308.0,4.0,60000.0,750-799
703,732,0.2361,9444.0,1.0,40000.0,700-749
704,591,0.7744,968.0,2.0,1250.0,550-599
705,533,0.189,189.0,2.0,1000.0,500-549
706,429,0.2,100.0,4.0,500.0,300-449
707,330,0.196,98.0,1.0,500.0,300-449
708,769,0.5905,35430.0,1.0,60000.0,750-799
709,342,0.264,132.0,3.0,500.0,300-449
710,735,0.28415,11366.0,0.0,40000.0,700-749
711,675,0.23435,4687.0,4.0,20000.0,650-699
712,760,0.2061,12366.0,2.0,60000.0,750-799
713,408,0.552,276.0,1.0,500.0,300-449
714,721,0.422475,16899.0,3.0,40000.0,700-749
715,781,0.24693333333333334,14816.0,2.0,60000.0,750-799
716,774,0.13336666666666666,8002.0,3.0,60000.0,750-799
717,602,0.098,147.0,2.0,1500.0,600-649
718,481,0.09066666666666667,68.0,0.0,750.0,450-499
719,613,0.3293333333333333,494.0,0.0,1500.0,600-649
720,530,0.266,266.0,1.0,1000.0,500-549
721,650,0.23066666666666666,346.0,4.0,1500.0,650-699
722,636,0.6106666666666667,916.0,3.0,1500.0,600-649
723,645,0.604,906.0,4.0,1500.0,600-649
724,465,1.0,750.0,3.0,750.0,450-499
725,579,0.284,355.0,0.0,1250.0,550-599
726,737,1.0,40000.0,4.0,40000.0,700-749
727,757,0.4742,28452.0,2.0,60000.0,750-799
728,708,0.37285,14914.0,4.0,40000.0,700-749
729,789,0.09161666666666667,5497.0,4.0,60000.0,750-799
730,450,0.174,87.0,3.0,500.0,450-499
731,626,1.0,1500.0,2.0,1500.0,600-649
732,704,0.133325,5333.0,4.0,40000.0,700-749
733,361,0.376,188.0,4.0,500.0,300-449
734,619,0.4693333333333333,704.0,2.0,1500.0,600-649
735,406,0.626,313.0,4.0,500.0,300-449
736,483,0.5133333333333333,385.0,0.0,750.0,450-499
737,490,0.256,192.0,2.0,750.0,450-499
738,522,0.076,76.0,3.0,1000.0,500-549
739,641,0.22733333333333333,341.0,0.0,1500.0,600-649
740,451,0.21466666666666667,161.0,4.0,750.0,450-499
741,583,0.4496,562.0,4.0,1250.0,550-599
742,716,0.22275,8910.0,1.0,40000.0,700-749
743,773,0.1339,8034.0,1.0,60000.0,750-799
744,436,0.568,284.0,2.0,500.0,300-449
745,799,0.5627833333333333,33767.0,2.0,60000.0,750-799
746,324,0.168,84.0,4.0,500.0,300-449
747,657,0.2964,5928.0,1.0,20000.0,650-699
748,643,0.24666666666666667,370.0,2.0,1500.0,600-649
749,541,0.612,612.0,3.0,1000.0,500-549
750,778,0.5439666666666667,32638.0,2.0,60000.0,750-799
751,554,0.6944,868.0,0.0,1250.0,550-599
752,649,0.14466666666666667,217.0,2.0,1500.0,600-649
753,736,0.13915,5566.0,1.0,40000.0,700-749
754,559,0.572,715.0,2.0,1250.0,550-599
755,545,0.483,483.0,3.0,1000.0,500-549
756,798,0.09293333333333334,5576.0,2.0,60000.0,750-799
757,760,0.30805,18483.0,3.0,60000.0,750-799
758,783,0.482,28920.0,3.0,60000.0,750-799
759,463,0.08933333333333333,67.0,1.0,750.0,450-499
760,425,0.458,229.0,0.0,500.0,300-449
761,410,0.574,287.0,4.0,500.0,300-449
762,788,0.6784833333333333,40709.0,3.0,60000.0,750-799
763,522,0.45,450.0,4.0,1000.0,500-549
764,370,0.424,212.0,3.0,500.0,300-449
765,362,0.592,296.0,4.0,500.0,300-449
766,748,0.139075,5563.0,3.0,40000.0,700-749
767,473,1.0,750.0,1.0,750.0,450-499
768,609,0.656,984.0,1.0,1500.0,600-649
769,563,0.7184,898.0,3.0,1250.0,550-599
770,539,0.725,725.0,2.0,1000.0,500-549
771,786,0.09016666666666667,5410.0,4.0,60000.0,750-799
772,419,0.492,246.0,4.0,500.0,300-449
773,438,0.128,64.0,1.0,500.0,300-449
774,779,0.2826166666666667,16957.0,4.0,60000.0,750-799
775,371,0.178,89.0,3.0,500.0,300-449
776,753,0.44745,26847.0,3.0,60000.0,750-799
777,781,0.30533333333333335,18320.0,0.0,60000.0,750-799
778,510,0.209,209.0,0.0,1000.0,500-549
779,769,0.39015,23409.0,1.0,60000.0,750-799
780,787,0.41185,24711.0,1.0,60000.0,750-799
781,702,0.40675,16270.0,4.0,40000.0,700-749
782,620,0.598,897.0,0.0,1500.0,600-649
783,451,0.19333333333333333,145.0,4.0,750.0,450-499
784,616,0.11333333333333333,170.0,4.0,1500.0,600-649
785,599,0.316,395.0,3.0,1250.0,550-599
786,443,0.268,134.0,1.0,500.0,300-449
787,446,0.124,62.0,2.0,500.0,300-449
788,723,0.18625,7450.0,0.0,40000.0,700-749
789,480,0.4026666666666667,302.0,0.0,750.0,450-499
790,770,0.23275,13965.0,1.0,60000.0,750-799
791,617,0.512,768.0,3.0,1500.0,600-649
792,574,0.2976,372.0,0.0,1250.0,550-599
793,727,0.46155,18462.0,4.0,40000.0,700-749
794,382,0.228,114.0,0.0,500.0,300-449
795,727,0.4689,18756.0,2.0,40000.0,700-749
796,604,0.44333333333333336,665.0,4.0,1500.0,600-649
797,606,0.37333333333333335,560.0,0.0,1500.0,600-649
798,725,0.576375,23055.0,2.0,40000.0,700-749
799,508,0.168,168.0,2.0,1000.0,500-549
800,482,0.5346666666666666,401.0,2.0,750.0,450-499
801,405,0.184,92.0,3.0,500.0,300-449
802,504,0.47,470.0,2.0,1000.0,500-549
803,616,0.15066666666666667,226.0,2.0,1500.0,600-649
804,473,0.6386666666666667,479.0,1.0,750.0,450-499
805,766,0.6543333333333333,39260.0,2.0,60000.0,750-799
806,617,0.2773333333333333,416.0,1.0,1500.0,600-649
807,742,0.343575,13743.0,2.0,40000.0,700-749
808,620,0.4,600.0,0.0,1500.0,600-649
809,519,0.608,608.0,1.0,1000.0,500-549
810,729,0.070325,2813.0,2.0,40000.0,700-749
811,422,0.472,236.0,4.0,500.0,300-449
812,795,0.27423333333333333,16454.0,2.0,60000.0,750-799
813,610,0.10933333333333334,164.0,4.0,1500.0,600-649
814,314,0.256,128.0,3.0,500.0,300-449
815,756,0.19796666666666668,11878.0,1.0,60000.0,750-799
816,693,0.46535,9307.0,3.0,20000.0,650-699
817,760,0.43835,26301.0,1.0,60000.0,750-799
818,447,0.478,239.0,2.0,500.0,300-449
819,643,0.5746666666666667,862.0,0.0,1500.0,600-649
820,795,0.31156666666666666,18694.0,4.0,60000.0,750-799
821,426,0.354,177.0,3.0,500.0,300-449
822,799,0.5683833333333334,34103.0,3.0,60000.0,750-799
823,729,0.18735,7494.0,1.0,40000.0,700-749
824,593,0.3224,403.0,3.0,1250.0,550-599
825,783,0.19918333333333332,11951.0,2.0,60000.0,750-799
826,727,0.364425,14577.0,3.0,40000.0,700-749
827,716,0.168825,6753.0,1.0,40000.0,700-749
828,563,0.6904,863.0,2.0,1250.0,550-599
829,336,0.426,213.0,0.0,500.0,300-449
830,668,0.25375,5075.0,2.0,20000.0,650-699
831,743,0.45735,18294.0,0.0,40000.0,700-749
832,416,0.404,202.0,4.0,500.0,300-449
833,378,0.488,244.0,0.0,500.0,300-449
834,774,0.22503333333333334,13502.0,2.0,60000.0,750-799
835,588,0.1016,127.0,0.0,1250.0,550-599
836,687,0.27925,5585.0,0.0,20000.0,650-699
837,720,0.348575,13943.0,2.0,40000.0,700-749
838,630,0.10266666666666667,154.0,1.0,1500.0,600-649
839,326,0.562,281.0,2.0,500.0,300-449
840,585,0.5088,636.0,2.0,1250.0,550-599
841,420,0.274,137.0,0.0,500.0,300-449
842,490,0.332,249.0,1.0,750.0,450-499
843,644,0.668,1002.0,0.0,1500.0,600-649
844,348,0.194,97.0,0.0,500.0,300-449
845,641,0.25733333333333336,386.0,4.0,1500.0,600-649
846,716,0.129775,5191.0,0.0,40000.0,700-749
847,400,0.158,79.0,3.0,500.0,300-449
848,788,0.4796,28776.0,2.0,60000.0,750-799
849,499,0.49733333333333335,373.0,1.0,750.0,450-499
850,787,0.18658333333333332,11195.0,3.0,60000.0,750-799
851,372,0.196,98.0,3.0,500.0,300-449
852,745,0.203925,8157.0,2.0,40000.0,700-749
853,497,0.5546666666666666,416.0,3.0,750.0,450-499
854,799,0.21861666666666665,13117.0,2.0,60000.0,750-799
855,772,0.24791666666666667,14875.0,3.0,60000.0,750-799
856,547,0.481,481.0,3.0,1000.0,500-549
857,761,0.11791666666666667,7075.0,4.0,60000.0,750-799
858,797,0.43011666666666665,25807.0,4.0,60000.0,750-799
859,770,0.13753333333333334,8252.0,0.0,60000.0,750-799
860,590,0.3896,487.0,2.0,1250.0,550-599
861,578,0.1272,159.0,2.0,1250.0,550-599
862,661,0.4949,9898.0,2.0,20000.0,650-699
863,792,1.0,60000.0,3.0,60000.0,750-799
864,566,0.5384,673.0,0.0,1250.0,550-599
865,789,0.40531666666666666,24319.0,2.0,60000.0,750-799
866,529,0.162,162.0,4.0,1000.0,500-549
867,773,0.13733333333333334,8240.0,0.0,60000.0,750-799
868,347,0.496,248.0,1.0,500.0,300-449
869,779,0.49555,29733.0,0.0,60000.0,750-799
870,355,0.186,93.0,4.0,500.0,300-449
871,537,0.373,373.0,1.0,1000.0,500-549
872,431,0.326,163.0,0.0,500.0,300-449
873,305,0.236,118.0,4.0,500.0,300-449
874,535,0.188,188.0,3.0,1000.0,500-549
875,768,0.091,5460.0,0.0,60000.0,750-799
876,722,0.464825,18593.0,4.0,40000.0,700-749
877,482,0.45866666666666667,344.0,2.0,750.0,450-499
878,766,0.67745,40647.0,3.0,60000.0,750-799
879,387,0.296,148.0,2.0,500.0,300-449
880,784,0.17271666666666666,10363.0,3.0,60000.0,750-799
881,743,0.272675,10907.0,4.0,40000.0,700-749
882,796,0.25593333333333335,15356.0,0.0,60000.0,750-799
883,591,0.4008,501.0,0.0,1250.0,550-599
884,598,0.4816,602.0,4.0,1250.0,550-599
885,767,0.4547,27282.0,4.0,60000.0,750-799
886,628,0.316,474.0,0.0,1500.0,600-649
887,489,0.20133333333333334,151.0,0.0,750.0,450-499
888,750,0.1374,5496.0,1.0,40000.0,750-799
889,576,0.2416,302.0,4.0,1250.0,550-599
890,727,0.075,3000.0,2.0,40000.0,700-749
891,781,0.27685,16611.0,2.0,60000.0,750-799
892,744,0.36985,14794.0,0.0,40000.0,700-749
893,783,0.30973333333333336,18584.0,2.0,60000.0,750-799
894,680,0.51505,10301.0,2.0,20000.0,650-699
895,739,0.18575,7430.0,1.0,40000.0,700-749
896,354,0.442,221.0,0.0,500.0,300-449
897,775,0.4902666666666667,29416.0,1.0,60000.0,750-799
898,733,0.345225,13809.0,4.0,40000.0,700-749
899,775,0.35913333333333336,21548.0,0.0,60000.0,750-799
900,374,0.51,255.0,0.0,500.0,300-449
901,621,0.20066666666666666,301.0,2.0,1500.0,600-649
902,759,0.4867,29202.0,0.0,60000.0,750-799
903,479,0.31733333333333336,238.0,1.0,750.0,450-499
904,742,0.4947,19788.0,3.0,40000.0,700-749
905,503,0.549,549.0,0.0,1000.0,500-549
906,475,0.25866666666666666,194.0,2.0,750.0,450-499
907,738,0.07565,3026.0,4.0,40000.0,700-749
908,379,0.318,159.0,3.0,500.0,300-449
909,479,0.4266666666666667,320.0,3.0,750.0,450-499
910,341,0.154,77.0,3.0,500.0,300-449
911,695,0.6421,12842.0,1.0,20000.0,650-699
912,499,0.372,279.0,1.0,750.0,450-499
913,747,0.109275,4371.0,4.0,40000.0,700-749
914,307,0.432,216.0,3.0,500.0,300-449
915,506,0.54,540.0,4.0,1000.0,500-549
916,649,0.184,276.0,2.0,1500.0,600-649
917,365,0.182,91.0,2.0,500.0,300-449
918,547,0.255,255.0,3.0,1000.0,500-549
919,506,0.57,570.0,1.0,1000.0,500-549
920,764,0.24348333333333333,14609.0,0.0,60000.0,750-799
921,434,0.298,149.0,0.0,500.0,300-449
922,724,0.328525,13141.0,2.0,40000.0,700-749
923,661,0.14125,2825.0,3.0,20000.0,650-699
924,600,0.4408,551.0,0.0,1250.0,600-649
925,731,0.32445,12978.0,1.0,40000.0,700-749
926,311,0.356,178.0,4.0,500.0,300-449
927,406,0.358,179.0,1.0,500.0,300-449
928,311,0.632,316.0,2.0,500.0,300-449
929,740,0.168275,6731.0,4.0,40000.0,700-749
930,711,0.0895,3580.0,4.0,40000.0,700-749
931,528,0.128,128.0,3.0,1000.0,500-549
932,750,0.474025,18961.0,1.0,40000.0,750-799
933,522,0.716,716.0,0.0,1000.0,500-549
934,433,0.302,151.0,4.0,500.0,300-449
935,631,0.25866666666666666,388.0,4.0,1500.0,600-649
936,402,0.174,87.0,3.0,500.0,300-449
937,706,0.33655,13462.0,1.0,40000.0,700-749
938,353,0.63,315.0,3.0,500.0,300-449
939,380,0.428,214.0,0.0,500.0,300-449
940,716,0.536475,21459.0,3.0,40000.0,700-749
941,460,0.5893333333333334,442.0,1.0,750.0,450-499
942,591,0.548,685.0,2.0,1250.0,550-599
943,491,0.28,210.0,4.0,750.0,450-499
944,515,0.278,278.0,1.0,1000.0,500-549
945,526,0.227,227.0,1.0,1000.0,500-549
946,786,0.27821666666666667,16693.0,2.0,60000.0,750-799
947,785,0.51845,31107.0,1.0,60000.0,750-799
948,573,0.6256,782.0,3.0,1250.0,550-599
949,776,0.26038333333333336,15623.0,4.0,60000.0,750-799
950,414,0.292,146.0,1.0,500.0,300-449
951,513,0.131,131.0,3.0,1000.0,500-549
952,409,0.126,63.0,2.0,500.0,300-449
953,736,0.5294,21176.0,0.0,40000.0,700-749
954,783,0.7741833333333333,46451.0,0.0,60000.0,750-799
955,699,0.1086,2172.0,1.0,20000.0,650-699
956,518,0.452,452.0,0.0,1000.0,500-549
957,580,0.3896,487.0,0.0,1250.0,550-599
958,554,0.1312,164.0,3.0,1250.0,550-599
959,628,0.2793333333333333,419.0,4.0,1500.0,600-649
960,353,0.38,190.0,4.0,500.0,300-449
961,322,0.154,77.0,0.0,500.0,300-449
962,763,0.21518333333333334,12911.0,3.0,60000.0,750-799
963,465,0.5893333333333334,442.0,1.0,750.0,450-499
964,526,0.182,182.0,1.0,1000.0,500-549
965,759,0.09573333333333334,5744.0,3.0,60000.0,750-799
966,720,0.153975,6159.0,4.0,40000.0,700-749
967,739,0.598225,23929.0,4.0,40000.0,700-749
968,794,0.1537,9222.0,2.0,60000.0,750-799
969,784,0.4549166666666667,27295.0,3.0,60000.0,750-799
970,756,0.11185,6711.0,0.0,60000.0,750-799
971,340,0.416,208.0,4.0,500.0,300-449
972,631,0.42733333333333334,641.0,1.0,1500.0,600-649
973,463,0.484,363.0,2.0,750.0,450-499
974,515,0.091,91.0,3.0,1000.0,500-549
975,587,0.276,345.0,2.0,1250.0,550-599
976,588,0.3568,446.0,1.0,1250.0,550-599
977,662,0.53,10600.0,3.0,20000.0,650-699
978,371,0.366,183.0,2.0,500.0,300-449
979,332,0.13,65.0,1.0,500.0,300-449
980,794,0.16486666666666666,9892.0,1.0,60000.0,750-799
981,327,0.216,108.0,3.0,500.0,300-449
982,602,0.494,741.0,0.0,1500.0,600-649
983,459,0.14266666666666666,107.0,4.0,750.0,450-499
984,485,0.44,330.0,1.0,750.0,450-499
985,770,0.55675,33405.0,2.0,60000.0,750-799
986,425,0.112,56.0,4.0,500.0,300-449
987,511,0.442,442.0,3.0,1000.0,500-549
988,739,0.232075,9283.0,4.0,40000.0,700-749
989,497,0.3933333333333333,295.0,4.0,750.0,450-499
990,772,0.19895,11937.0,2.0,60000.0,750-799
991,709,0.386825,15473.0,4.0,40000.0,700-749
992,555,0.436,545.0,3.0,1250.0,550-599
993,782,0.33841666666666664,20305.0,2.0,60000.0,750-799
994,602,0.5306666666666666,796.0,3.0,1500.0,600-649
995,360,0.484,242.0,0.0,500.0,300-449
996,564,0.5504,688.0,2.0,1250.0,550-599
997,774,0.28565,17139.0,0.0,60000.0,750-799
998,529,0.386,386.0,3.0,1000.0,500-549
999,725,0.174325,6973.0,2.0,40000.0,700-749
1000,775,0.5659333333333333,33956.0,1.0,60000.0,750-799
